<?xml version="1.0" encoding="UTF-8"?>
<project-private xmlns="http://www.netbeans.org/ns/project-private/1">
    <editor-bookmarks xmlns="http://www.netbeans.org/ns/editor-bookmarks/2" lastBookmarkId="0"/>
    <open-files xmlns="http://www.netbeans.org/ns/projectui-open-files/2">
        <group>
            <file>file:/E:/CS243/Prog6/Prog6/src/Node.java</file>
            <file>file:/E:/CS243/Prog6/Prog6/src/Fraction.java</file>
            <file>file:/E:/CS243/Prog6/Prog6/src/Queue.java</file>
            <file>file:/E:/CS243/Prog6/Prog6/src/Prog6.java</file>
            <file>file:/E:/CS243/Prog6/Prog6/src/Prog6Frame.java</file>
            <file>file:/E:/CS243/Prog6/Prog6/src/RpnEvaluator.java</file>
            <file>file:/E:/CS243/Prog6/Prog6/src/Stack.java</file>
        </group>
    </open-files>
</project-private>
