<?xml version="1.0" encoding="UTF-8"?>
<project-private xmlns="http://www.netbeans.org/ns/project-private/1">
    <editor-bookmarks xmlns="http://www.netbeans.org/ns/editor-bookmarks/2" lastBookmarkId="0"/>
    <open-files xmlns="http://www.netbeans.org/ns/projectui-open-files/2">
        <group>
            <file>file:/D:/Documents/School/Fall2015/DataComm/fre_mul_prog5_client/src/UDPPinger.java</file>
            <file>file:/D:/Documents/School/Fall2015/DataComm/fre_mul_prog5_client/src/PingClient.java</file>
            <file>file:/D:/Documents/School/Fall2015/DataComm/fre_mul_prog5_client/src/PingMessage.java</file>
        </group>
    </open-files>
</project-private>
